timestamp,run_id,db,query_id,content_type,start_record,max_records,returned,total_records,status,querytext
2026-09-26T14:32:21+00:00,20260926T143214Z,ieee,stream-a-v1,Journals,1,200,200,252,200,"(survey OR review OR ""systematic review"" OR ""literature review"" OR ""systematic mapping"" OR ""mapping study"" OR taxonomy OR tutorial OR overview OR ""state of the art"" OR ""state-of-the-art"") AND (""smart meter"" OR ""smart meters"" OR ""smart metering"" OR ""advanced metering infrastructure"" OR AMI OR ""smart grid"" OR ""smart grids"" OR ""load profile"" OR ""load profiles"" OR ""electricity consumption data"" OR ""energy consumption data"") AND (privacy OR ""consumer privacy"" OR ""data privacy"" OR ""information privacy"" OR ""privacy preserving"" OR ""privacy-preserving"" OR anonymization OR anonymisation OR ""de-identification"" OR ""re-identification"")"
2026-09-26T14:32:27+00:00,20260926T143214Z,ieee,stream-a-v1,Conferences,1,200,200,559,200,"(survey OR review OR ""systematic review"" OR ""literature review"" OR ""systematic mapping"" OR ""mapping study"" OR taxonomy OR tutorial OR overview OR ""state of the art"" OR ""state-of-the-art"") AND (""smart meter"" OR ""smart meters"" OR ""smart metering"" OR ""advanced metering infrastructure"" OR AMI OR ""smart grid"" OR ""smart grids"" OR ""load profile"" OR ""load profiles"" OR ""electricity consumption data"" OR ""energy consumption data"") AND (privacy OR ""consumer privacy"" OR ""data privacy"" OR ""information privacy"" OR ""privacy preserving"" OR ""privacy-preserving"" OR anonymization OR anonymisation OR ""de-identification"" OR ""re-identification"")"
2026-09-26T14:32:29+00:00,20260926T143214Z,ieee,stream-a-v1,Magazines,1,200,33,33,200,"(survey OR review OR ""systematic review"" OR ""literature review"" OR ""systematic mapping"" OR ""mapping study"" OR taxonomy OR tutorial OR overview OR ""state of the art"" OR ""state-of-the-art"") AND (""smart meter"" OR ""smart meters"" OR ""smart metering"" OR ""advanced metering infrastructure"" OR AMI OR ""smart grid"" OR ""smart grids"" OR ""load profile"" OR ""load profiles"" OR ""electricity consumption data"" OR ""energy consumption data"") AND (privacy OR ""consumer privacy"" OR ""data privacy"" OR ""information privacy"" OR ""privacy preserving"" OR ""privacy-preserving"" OR anonymization OR anonymisation OR ""de-identification"" OR ""re-identification"")"
2026-09-26T14:32:30+00:00,20260926T143214Z,ieee,stream-a-v1,Early Access,1,200,3,3,200,"(survey OR review OR ""systematic review"" OR ""literature review"" OR ""systematic mapping"" OR ""mapping study"" OR taxonomy OR tutorial OR overview OR ""state of the art"" OR ""state-of-the-art"") AND (""smart meter"" OR ""smart meters"" OR ""smart metering"" OR ""advanced metering infrastructure"" OR AMI OR ""smart grid"" OR ""smart grids"" OR ""load profile"" OR ""load profiles"" OR ""electricity consumption data"" OR ""energy consumption data"") AND (privacy OR ""consumer privacy"" OR ""data privacy"" OR ""information privacy"" OR ""privacy preserving"" OR ""privacy-preserving"" OR anonymization OR anonymisation OR ""de-identification"" OR ""re-identification"")"
2026-09-26T14:36:11+00:00,20260926T143605Z,ieee,stream-a-v1,Journals,1,200,200,252,200,"(survey OR review OR ""systematic review"" OR ""literature review"" OR ""systematic mapping"" OR ""mapping study"" OR taxonomy OR tutorial OR overview OR ""state of the art"" OR ""state-of-the-art"") AND (""smart meter"" OR ""smart meters"" OR ""smart metering"" OR ""advanced metering infrastructure"" OR AMI OR ""smart grid"" OR ""smart grids"" OR ""load profile"" OR ""load profiles"" OR ""electricity consumption data"" OR ""energy consumption data"") AND (privacy OR ""consumer privacy"" OR ""data privacy"" OR ""information privacy"" OR ""privacy preserving"" OR ""privacy-preserving"" OR anonymization OR anonymisation OR ""de-identification"" OR ""re-identification"")"
2026-09-26T14:36:19+00:00,20260926T143605Z,ieee,stream-a-v1,Journals,201,200,52,252,200,"(survey OR review OR ""systematic review"" OR ""literature review"" OR ""systematic mapping"" OR ""mapping study"" OR taxonomy OR tutorial OR overview OR ""state of the art"" OR ""state-of-the-art"") AND (""smart meter"" OR ""smart meters"" OR ""smart metering"" OR ""advanced metering infrastructure"" OR AMI OR ""smart grid"" OR ""smart grids"" OR ""load profile"" OR ""load profiles"" OR ""electricity consumption data"" OR ""energy consumption data"") AND (privacy OR ""consumer privacy"" OR ""data privacy"" OR ""information privacy"" OR ""privacy preserving"" OR ""privacy-preserving"" OR anonymization OR anonymisation OR ""de-identification"" OR ""re-identification"")"
2026-09-26T14:36:22+00:00,20260926T143605Z,ieee,stream-a-v1,Conferences,1,200,200,559,200,"(survey OR review OR ""systematic review"" OR ""literature review"" OR ""systematic mapping"" OR ""mapping study"" OR taxonomy OR tutorial OR overview OR ""state of the art"" OR ""state-of-the-art"") AND (""smart meter"" OR ""smart meters"" OR ""smart metering"" OR ""advanced metering infrastructure"" OR AMI OR ""smart grid"" OR ""smart grids"" OR ""load profile"" OR ""load profiles"" OR ""electricity consumption data"" OR ""energy consumption data"") AND (privacy OR ""consumer privacy"" OR ""data privacy"" OR ""information privacy"" OR ""privacy preserving"" OR ""privacy-preserving"" OR anonymization OR anonymisation OR ""de-identification"" OR ""re-identification"")"
2026-09-26T14:36:26+00:00,20260926T143605Z,ieee,stream-a-v1,Conferences,201,200,200,559,200,"(survey OR review OR ""systematic review"" OR ""literature review"" OR ""systematic mapping"" OR ""mapping study"" OR taxonomy OR tutorial OR overview OR ""state of the art"" OR ""state-of-the-art"") AND (""smart meter"" OR ""smart meters"" OR ""smart metering"" OR ""advanced metering infrastructure"" OR AMI OR ""smart grid"" OR ""smart grids"" OR ""load profile"" OR ""load profiles"" OR ""electricity consumption data"" OR ""energy consumption data"") AND (privacy OR ""consumer privacy"" OR ""data privacy"" OR ""information privacy"" OR ""privacy preserving"" OR ""privacy-preserving"" OR anonymization OR anonymisation OR ""de-identification"" OR ""re-identification"")"
2026-09-26T14:36:29+00:00,20260926T143605Z,ieee,stream-a-v1,Conferences,401,200,159,559,200,"(survey OR review OR ""systematic review"" OR ""literature review"" OR ""systematic mapping"" OR ""mapping study"" OR taxonomy OR tutorial OR overview OR ""state of the art"" OR ""state-of-the-art"") AND (""smart meter"" OR ""smart meters"" OR ""smart metering"" OR ""advanced metering infrastructure"" OR AMI OR ""smart grid"" OR ""smart grids"" OR ""load profile"" OR ""load profiles"" OR ""electricity consumption data"" OR ""energy consumption data"") AND (privacy OR ""consumer privacy"" OR ""data privacy"" OR ""information privacy"" OR ""privacy preserving"" OR ""privacy-preserving"" OR anonymization OR anonymisation OR ""de-identification"" OR ""re-identification"")"
2026-09-26T14:36:30+00:00,20260926T143605Z,ieee,stream-a-v1,Magazines,1,200,33,33,200,"(survey OR review OR ""systematic review"" OR ""literature review"" OR ""systematic mapping"" OR ""mapping study"" OR taxonomy OR tutorial OR overview OR ""state of the art"" OR ""state-of-the-art"") AND (""smart meter"" OR ""smart meters"" OR ""smart metering"" OR ""advanced metering infrastructure"" OR AMI OR ""smart grid"" OR ""smart grids"" OR ""load profile"" OR ""load profiles"" OR ""electricity consumption data"" OR ""energy consumption data"") AND (privacy OR ""consumer privacy"" OR ""data privacy"" OR ""information privacy"" OR ""privacy preserving"" OR ""privacy-preserving"" OR anonymization OR anonymisation OR ""de-identification"" OR ""re-identification"")"
2026-09-26T14:36:30+00:00,20260926T143605Z,ieee,stream-a-v1,Early Access,1,200,3,3,200,"(survey OR review OR ""systematic review"" OR ""literature review"" OR ""systematic mapping"" OR ""mapping study"" OR taxonomy OR tutorial OR overview OR ""state of the art"" OR ""state-of-the-art"") AND (""smart meter"" OR ""smart meters"" OR ""smart metering"" OR ""advanced metering infrastructure"" OR AMI OR ""smart grid"" OR ""smart grids"" OR ""load profile"" OR ""load profiles"" OR ""electricity consumption data"" OR ""energy consumption data"") AND (privacy OR ""consumer privacy"" OR ""data privacy"" OR ""information privacy"" OR ""privacy preserving"" OR ""privacy-preserving"" OR anonymization OR anonymisation OR ""de-identification"" OR ""re-identification"")"
